{
  "ShowOpenInNewWindow": true,
  "ShowNetworkDrivesSection": true,
  "SyncStatusColumnWidth": 50,
  "ShowOriginalPathColumn": true,
  "GitLastCommitDateColumnWidth": 140,
  "DoubleClickToGoUp": true,
  "AppThemeBackgroundColor": "#00000000",
  "ShowSizeColumn": true,
  "DateCreatedColumnWidth": 200,
  "ShowSendToMenu": true,
  "IsSidebarOpen": true,
  "ContinueLastSessionOnStartUp": true,
  "SearchUnindexedItems": false,
  "ShowFileExtensions": true,
  "ShowStatusCenterTeachingTip": false,
  "ShowHashesDictionary": null,
  "ShowFileTagsSection": true,
  "DateDeletedColumnWidth": 200,
  "ShowDateColumn": true,
  "LeaveAppRunning": true,
  "ShowThumbnails": true,
  "Actions": null,
  "SidebarWidth": 255,
  "CalculateFolderSizes": false,
  "DefaultDirectoryGroupDirection": 0,
  "SelectedTab": 1,
  "ShowGitLastCommitShaColumn": false,
  "ShowTypeColumn": true,
  "ShowFileTagsWidget": false,
  "DefaultGroupByDateUnit": 0,
  "NameColumnWidth": 240,
  "FoldersWidgetExpanded": true,
  "ShowEditTagsMenu": true,
  "PathColumnWidth": 200,
  "RecentFilesWidgetExpanded": true,
  "ShowCheckboxesWhenSelectingItems": true,
  "ShowPathColumn": true,
  "GitStatusColumnWidth": 80,
  "ShowDrivesWidget": true,
  "DefaultSortOption": 0,
  "ShowProtectedSystemFiles": true,
  "ShowGitCommitAuthorColumn": false,
  "OpenNewTabOnStartup": false,
  "ShowFileExtensionWarning": true,
  "OriginalPathColumnWidth": 200,
  "ShowFileTagColumn": true,
  "TabsOnStartupList": null,
  "AppThemeBackdropMaterial": 2,
  "ShowHiddenItems": true,
  "ShowQuickAccessWidget": true,
  "VerticalSizePx": 408.79998779296875,
  "ShowDateDeletedColumn": true,
  "DateModifiedColumnWidth": 200,
  "AppThemeAddressBarBackgroundColor": "",
  "ShowFavoritesSection": true,
  "ShowCloudDrivesSection": true,
  "AppThemeFileAreaBackgroundColor": "",
  "ConflictsResolveOption": 0,
  "TypeColumnWidth": 140,
  "TagColumnWidth": 140,
  "ShowSyncStatusColumn": true,
  "AppThemeSidebarBackgroundColor": "",
  "DefaultGroupOption": 0,
  "SyncFolderPreferencesAcrossDirectories": false,
  "UseCompactStyles": false,
  "ShowDateCreatedColumn": false,
  "AlwaysOpenDualPaneInNewTab": false,
  "ShowOpenInNewPane": true,
  "ShowOpenInNewTab": true,
  "HorizontalSizePx": 300,
  "ShowWslSection": true,
  "ShowDotFiles": true,
  "AppThemeFontFamily": "Segoe UI Variable",
  "GitLastCommitMessageColumnWidth": 140,
  "ShowGitLastCommitMessageColumn": false,
  "ShowGitLastCommitDateColumn": false,
  "OpenSpecificPageOnStartup": false,
  "SizeColumnWidth": 100,
  "ShowRecentFilesWidget": true,
  "DefaultDirectorySortDirection": 0,
  "DefaultLayoutMode": 4,
  "OpenItemsWithOneClick": false,
  "AreAlternateStreamsVisible": false,
  "DefaultGridViewSize": 160,
  "MoveShellExtensionsToSubMenu": true,
  "DeleteConfirmationPolicy": 2,
  "OpenFoldersInNewTab": false,
  "SelectFilesOnHover": false,
  "ShowLibrarySection": false,
  "GitCommitAuthorColumnWidth": 140,
  "ShowDrivesSection": true,
  "DrivesWidgetExpanded": true,
  "IsEnabled": true,
  "DateTimeFormat": 0,
  "GitLastCommitShaColumnWidth": 80,
  "ShowGitStatusColumn": false,
  "RestoreTabsOnStartup": false,
  "ColumnLayoutOpenFoldersWithOneClick": true,
  "OpenTabInExistingInstance": true,
  "MediaVolume": 1,
  "DefaultSortDirectoriesAlongsideFiles": false
}